{
  "725807025967071372": {
    "general": {
      "first_name": "Bo",
      "last_name": "Troung",
      "birthday": "02/15/2005",
      "psid": "2052758",
      "timestamp": "2025-05-28T10:36:10.207474",
      "in_family": true
    }
  },
  "1052324387845574687": {
    "general": {
      "first_name": "Kevin",
      "last_name": "Trinh",
      "birthday": "12/27/2002",
      "psid": "2052873",
      "timestamp": "2025-06-03T06:34:29.040637",
      "in_family": true
    },
    "stats": {
      "exp": 11.75,
      "coins": 1015,
      "level": 3,
      "total_messages_sent": 14,
      "coinflips_won": 0,
      "coinflips_lost": 2
    }
  },
  "723528221496442891": {
    "general": {
      "first_name": "Kristy",
      "last_name": "Bui",
      "birthday": "02/22/2006",
      "psid": "2352463",
      "timestamp": "2025-06-03T06:44:24.094874",
      "in_family": false
    },
    "stats": {
      "coins": 14,
      "exp": 1.25,
      "level": 0,
      "total_messages_sent": 1,
      "coinflips_won": 0,
      "coinflips_lost": 0
    }
  },
  "218149349388058624": {
    "general": {
      "first_name": "Emma",
      "last_name": "Kuo",
      "birthday": "02/08/2005",
      "psid": "2263899",
      "timestamp": "2025-06-01T01:43:55.846116",
      "in_family": true
    }
  },
  "333650102545547264": {
    "general": {
      "first_name": "Tuan",
      "last_name": "Le",
      "birthday": "11/21/2005",
      "psid": "2367352",
      "timestamp": "2025-06-02T02:45:52.581477",
      "in_family": false
    }
  },
  "807466731650940928": {
    "general": {
      "first_name": "Dev",
      "last_name": "Le",
      "birthday": "05/15/2004",
      "psid": "1234567",
      "timestamp": "2025-06-03T12:12:36.117224",
      "in_family": false
    }
  }
}
